Month,County,Inspections,Failures,Follow_Ups,Complaints,Escalations,Failure_Rate
2022-01-01,Cavan,14,2,1,13,2,0.14285714285714285
2022-01-01,Clare,23,4,4,13,1,0.17391304347826086
2022-01-01,Cork,12,1,1,11,2,0.08333333333333333
2022-01-01,Donegal,15,4,3,18,4,0.26666666666666666
2022-01-01,Dublin City,18,5,4,12,2,0.2777777777777778
2022-01-01,Dún Laoghaire-Rathdown,18,3,2,13,1,0.16666666666666666
2022-01-01,Fingal,17,5,6,13,5,0.29411764705882354
2022-01-01,Galway,24,2,1,17,1,0.08333333333333333
2022-01-01,Kerry,18,3,3,20,3,0.16666666666666666
2022-01-01,Kildare,17,1,0,8,0,0.058823529411764705
2022-01-01,Kilkenny,21,6,6,13,4,0.2857142857142857
2022-01-01,Laois,22,3,2,11,0,0.13636363636363635
2022-01-01,Limerick,18,7,5,17,2,0.3888888888888889
2022-01-01,Louth,13,3,2,14,2,0.23076923076923078
2022-01-01,Mayo,12,1,1,15,4,0.08333333333333333
2022-01-01,Meath,14,1,0,6,2,0.07142857142857142
2022-01-01,Monaghan,21,4,3,15,1,0.19047619047619047
2022-01-01,Offaly,16,3,3,17,2,0.1875
2022-01-01,Sligo,14,5,5,12,1,0.35714285714285715
2022-01-01,South Dublin,26,5,4,16,1,0.19230769230769232
2022-01-01,Tipperary,16,8,4,13,0,0.5
2022-01-01,Waterford,16,2,2,14,3,0.125
2022-01-01,Westmeath,16,4,2,15,2,0.25
2022-01-01,Wexford,11,1,0,11,2,0.09090909090909091
2022-01-01,Wicklow,18,6,3,23,4,0.3333333333333333
2022-02-01,Cavan,14,2,3,13,2,0.14285714285714285
2022-02-01,Clare,18,5,4,12,2,0.2777777777777778
2022-02-01,Cork,12,1,0,19,4,0.08333333333333333
2022-02-01,Donegal,16,1,1,13,2,0.0625
2022-02-01,Dublin City,20,6,4,10,0,0.3
2022-02-01,Dún Laoghaire-Rathdown,11,2,2,11,3,0.18181818181818182
2022-02-01,Fingal,18,2,2,20,1,0.1111111111111111
2022-02-01,Galway,16,4,3,8,1,0.25
2022-02-01,Kerry,13,5,4,15,2,0.38461538461538464
2022-02-01,Kildare,17,4,2,16,2,0.23529411764705882
2022-02-01,Kilkenny,17,5,3,18,3,0.29411764705882354
2022-02-01,Laois,21,3,2,9,1,0.14285714285714285
2022-02-01,Limerick,20,4,4,9,2,0.2
2022-02-01,Louth,18,5,4,13,1,0.2777777777777778
2022-02-01,Mayo,22,5,4,8,2,0.22727272727272727
2022-02-01,Meath,14,4,4,11,2,0.2857142857142857
2022-02-01,Monaghan,19,2,2,8,1,0.10526315789473684
2022-02-01,Offaly,13,1,1,3,1,0.07692307692307693
2022-02-01,Sligo,11,1,1,10,2,0.09090909090909091
2022-02-01,South Dublin,18,4,2,16,1,0.2222222222222222
2022-02-01,Tipperary,20,4,3,9,1,0.2
2022-02-01,Waterford,17,4,4,13,0,0.23529411764705882
2022-02-01,Westmeath,16,0,0,11,0,0.0
2022-02-01,Wexford,12,5,2,11,2,0.4166666666666667
2022-02-01,Wicklow,13,4,3,11,1,0.3076923076923077
2022-03-01,Cavan,15,4,3,14,3,0.26666666666666666
2022-03-01,Clare,15,5,3,11,0,0.3333333333333333
2022-03-01,Cork,13,3,2,12,0,0.23076923076923078
2022-03-01,Donegal,17,4,2,14,5,0.23529411764705882
2022-03-01,Dublin City,21,5,3,15,1,0.23809523809523808
2022-03-01,Dún Laoghaire-Rathdown,14,3,2,6,2,0.21428571428571427
2022-03-01,Fingal,21,5,4,11,2,0.23809523809523808
2022-03-01,Galway,20,3,2,11,1,0.15
2022-03-01,Kerry,18,4,4,18,3,0.2222222222222222
2022-03-01,Kildare,17,3,2,11,3,0.17647058823529413
2022-03-01,Kilkenny,10,3,1,12,4,0.3
2022-03-01,Laois,15,3,2,17,3,0.2
2022-03-01,Limerick,27,8,7,23,4,0.2962962962962963
2022-03-01,Louth,12,2,2,9,2,0.16666666666666666
2022-03-01,Mayo,15,5,4,8,0,0.3333333333333333
2022-03-01,Meath,12,3,2,20,4,0.25
2022-03-01,Monaghan,16,3,2,8,1,0.1875
2022-03-01,Offaly,15,2,2,16,2,0.13333333333333333
2022-03-01,Sligo,15,4,3,19,2,0.26666666666666666
2022-03-01,South Dublin,21,3,2,11,2,0.14285714285714285
2022-03-01,Tipperary,18,0,0,11,1,0.0
2022-03-01,Waterford,8,0,0,17,3,0.0
2022-03-01,Westmeath,10,2,1,12,1,0.2
2022-03-01,Wexford,14,1,0,11,0,0.07142857142857142
2022-03-01,Wicklow,12,3,3,13,3,0.25
2022-04-01,Cavan,14,3,2,18,2,0.21428571428571427
2022-04-01,Clare,17,5,4,10,1,0.29411764705882354
2022-04-01,Cork,13,4,3,17,1,0.3076923076923077
2022-04-01,Donegal,12,1,0,15,2,0.08333333333333333
2022-04-01,Dublin City,20,1,0,14,3,0.05
2022-04-01,Dún Laoghaire-Rathdown,19,4,3,8,2,0.21052631578947367
2022-04-01,Fingal,13,3,3,16,2,0.23076923076923078
2022-04-01,Galway,12,2,1,16,1,0.16666666666666666
2022-04-01,Kerry,11,4,1,15,4,0.36363636363636365
2022-04-01,Kildare,11,0,0,11,3,0.0
2022-04-01,Kilkenny,17,2,0,10,2,0.11764705882352941
2022-04-01,Laois,16,2,1,19,2,0.125
2022-04-01,Limerick,20,3,3,11,3,0.15
2022-04-01,Louth,10,2,0,12,1,0.2
2022-04-01,Mayo,24,5,3,14,2,0.20833333333333334
2022-04-01,Meath,12,4,3,13,1,0.3333333333333333
2022-04-01,Monaghan,10,1,1,14,2,0.1
2022-04-01,Offaly,21,3,3,10,3,0.14285714285714285
2022-04-01,Sligo,20,5,4,11,0,0.25
2022-04-01,South Dublin,19,5,4,11,2,0.2631578947368421
2022-04-01,Tipperary,15,7,5,11,1,0.4666666666666667
2022-04-01,Waterford,9,3,3,14,3,0.3333333333333333
2022-04-01,Westmeath,10,1,0,10,2,0.1
2022-04-01,Wexford,24,5,4,12,2,0.20833333333333334
2022-04-01,Wicklow,18,3,2,10,1,0.16666666666666666
2022-05-01,Cavan,25,4,2,11,3,0.16
2022-05-01,Clare,19,3,3,8,1,0.15789473684210525
2022-05-01,Cork,16,4,3,11,2,0.25
2022-05-01,Donegal,21,4,4,10,1,0.19047619047619047
2022-05-01,Dublin City,13,0,0,18,1,0.0
2022-05-01,Dún Laoghaire-Rathdown,9,2,2,10,0,0.2222222222222222
2022-05-01,Fingal,23,4,3,9,0,0.17391304347826086
2022-05-01,Galway,16,5,4,13,2,0.3125
2022-05-01,Kerry,15,0,0,8,0,0.0
2022-05-01,Kildare,13,6,3,16,3,0.46153846153846156
2022-05-01,Kilkenny,12,2,2,12,2,0.16666666666666666
2022-05-01,Laois,15,2,2,11,1,0.13333333333333333
2022-05-01,Limerick,14,4,2,11,0,0.2857142857142857
2022-05-01,Louth,16,2,1,15,1,0.125
2022-05-01,Mayo,22,2,2,18,3,0.09090909090909091
2022-05-01,Meath,19,9,3,8,0,0.47368421052631576
2022-05-01,Monaghan,13,2,1,9,0,0.15384615384615385
2022-05-01,Offaly,12,4,2,9,1,0.3333333333333333
2022-05-01,Sligo,21,9,5,6,1,0.42857142857142855
2022-05-01,South Dublin,13,3,3,7,2,0.23076923076923078
2022-05-01,Tipperary,18,5,5,9,0,0.2777777777777778
2022-05-01,Waterford,12,1,1,10,2,0.08333333333333333
2022-05-01,Westmeath,16,4,4,7,1,0.25
2022-05-01,Wexford,20,10,5,7,1,0.5
2022-05-01,Wicklow,12,2,2,13,2,0.16666666666666666
2022-06-01,Cavan,11,1,1,11,3,0.09090909090909091
2022-06-01,Clare,19,1,1,7,1,0.05263157894736842
2022-06-01,Cork,14,3,3,8,1,0.21428571428571427
2022-06-01,Donegal,14,1,1,15,2,0.07142857142857142
2022-06-01,Dublin City,21,6,2,9,0,0.2857142857142857
2022-06-01,Dún Laoghaire-Rathdown,11,0,0,13,1,0.0
2022-06-01,Fingal,19,3,2,8,0,0.15789473684210525
2022-06-01,Galway,18,4,3,23,2,0.2222222222222222
2022-06-01,Kerry,15,1,0,12,4,0.06666666666666667
2022-06-01,Kildare,19,4,3,14,2,0.21052631578947367
2022-06-01,Kilkenny,23,7,5,12,4,0.30434782608695654
2022-06-01,Laois,16,5,3,18,2,0.3125
2022-06-01,Limerick,18,4,4,9,1,0.2222222222222222
2022-06-01,Louth,15,5,5,17,2,0.3333333333333333
2022-06-01,Mayo,21,1,1,19,2,0.047619047619047616
2022-06-01,Meath,9,3,2,6,2,0.3333333333333333
2022-06-01,Monaghan,14,2,1,15,2,0.14285714285714285
2022-06-01,Offaly,23,7,5,11,1,0.30434782608695654
2022-06-01,Sligo,21,3,3,15,1,0.14285714285714285
2022-06-01,South Dublin,13,2,1,18,1,0.15384615384615385
2022-06-01,Tipperary,15,4,3,7,1,0.26666666666666666
2022-06-01,Waterford,17,5,4,10,1,0.29411764705882354
2022-06-01,Westmeath,12,2,1,16,1,0.16666666666666666
2022-06-01,Wexford,20,1,0,18,1,0.05
2022-06-01,Wicklow,22,7,5,10,1,0.3181818181818182
2022-07-01,Cavan,17,4,3,14,0,0.23529411764705882
2022-07-01,Clare,17,3,2,17,1,0.17647058823529413
2022-07-01,Cork,17,4,2,9,1,0.23529411764705882
2022-07-01,Donegal,22,5,3,8,1,0.22727272727272727
2022-07-01,Dublin City,12,1,1,8,3,0.08333333333333333
2022-07-01,Dún Laoghaire-Rathdown,15,4,2,10,2,0.26666666666666666
2022-07-01,Fingal,27,5,3,14,2,0.18518518518518517
2022-07-01,Galway,12,3,0,13,1,0.25
2022-07-01,Kerry,24,6,6,16,3,0.25
2022-07-01,Kildare,16,1,2,11,2,0.0625
2022-07-01,Kilkenny,11,1,0,9,3,0.09090909090909091
2022-07-01,Laois,16,2,1,9,1,0.125
2022-07-01,Limerick,13,3,3,12,3,0.23076923076923078
2022-07-01,Louth,21,3,3,7,0,0.14285714285714285
2022-07-01,Mayo,14,2,1,16,2,0.14285714285714285
2022-07-01,Meath,23,5,2,6,0,0.21739130434782608
2022-07-01,Monaghan,21,2,1,12,0,0.09523809523809523
2022-07-01,Offaly,13,1,1,15,2,0.07692307692307693
2022-07-01,Sligo,11,2,0,10,0,0.18181818181818182
2022-07-01,South Dublin,10,5,4,14,1,0.5
2022-07-01,Tipperary,20,6,5,9,3,0.3
2022-07-01,Waterford,11,5,3,7,1,0.45454545454545453
2022-07-01,Westmeath,13,2,1,10,0,0.15384615384615385
2022-07-01,Wexford,19,5,3,15,3,0.2631578947368421
2022-07-01,Wicklow,27,4,3,17,3,0.14814814814814814
2022-08-01,Cavan,19,0,0,9,2,0.0
2022-08-01,Clare,19,2,2,23,2,0.10526315789473684
2022-08-01,Cork,16,3,2,12,1,0.1875
2022-08-01,Donegal,20,3,1,14,1,0.15
2022-08-01,Dublin City,16,6,4,15,2,0.375
2022-08-01,Dún Laoghaire-Rathdown,15,2,1,11,0,0.13333333333333333
2022-08-01,Fingal,31,8,5,16,2,0.25806451612903225
2022-08-01,Galway,16,4,2,14,3,0.25
2022-08-01,Kerry,16,2,1,13,1,0.125
2022-08-01,Kildare,18,1,1,21,0,0.05555555555555555
2022-08-01,Kilkenny,19,8,6,15,3,0.42105263157894735
2022-08-01,Laois,18,6,5,18,1,0.3333333333333333
2022-08-01,Limerick,10,2,2,17,1,0.2
2022-08-01,Louth,19,4,3,9,1,0.21052631578947367
2022-08-01,Mayo,25,8,6,17,2,0.32
2022-08-01,Meath,16,2,1,14,2,0.125
2022-08-01,Monaghan,18,2,2,6,1,0.1111111111111111
2022-08-01,Offaly,8,1,1,10,0,0.125
2022-08-01,Sligo,12,2,1,11,1,0.16666666666666666
2022-08-01,South Dublin,24,5,3,11,2,0.20833333333333334
2022-08-01,Tipperary,12,2,2,9,2,0.16666666666666666
2022-08-01,Waterford,17,3,2,12,1,0.17647058823529413
2022-08-01,Westmeath,10,2,2,11,1,0.2
2022-08-01,Wexford,21,4,3,14,2,0.19047619047619047
2022-08-01,Wicklow,16,4,3,19,4,0.25
2022-09-01,Cavan,18,2,0,5,2,0.1111111111111111
2022-09-01,Clare,16,7,3,10,0,0.4375
2022-09-01,Cork,22,4,4,17,2,0.18181818181818182
2022-09-01,Donegal,9,4,4,13,2,0.4444444444444444
2022-09-01,Dublin City,20,6,2,12,1,0.3
2022-09-01,Dún Laoghaire-Rathdown,21,6,5,13,1,0.2857142857142857
2022-09-01,Fingal,9,4,2,17,2,0.4444444444444444
2022-09-01,Galway,19,3,2,15,1,0.15789473684210525
2022-09-01,Kerry,21,4,4,9,1,0.19047619047619047
2022-09-01,Kildare,21,8,7,11,1,0.38095238095238093
2022-09-01,Kilkenny,18,5,4,12,3,0.2777777777777778
2022-09-01,Laois,19,6,5,14,2,0.3157894736842105
2022-09-01,Limerick,25,3,3,11,1,0.12
2022-09-01,Louth,16,6,5,11,3,0.375
2022-09-01,Mayo,19,3,2,12,3,0.15789473684210525
2022-09-01,Meath,12,0,0,19,2,0.0
2022-09-01,Monaghan,21,6,5,10,1,0.2857142857142857
2022-09-01,Offaly,15,3,3,13,1,0.2
2022-09-01,Sligo,19,1,0,14,0,0.05263157894736842
2022-09-01,South Dublin,18,5,3,14,0,0.2777777777777778
2022-09-01,Tipperary,16,3,2,17,3,0.1875
2022-09-01,Waterford,11,4,3,13,2,0.36363636363636365
2022-09-01,Westmeath,11,3,3,7,2,0.2727272727272727
2022-09-01,Wexford,13,6,5,10,1,0.46153846153846156
2022-09-01,Wicklow,21,7,4,16,2,0.3333333333333333
2022-10-01,Cavan,13,3,3,15,2,0.23076923076923078
2022-10-01,Clare,18,5,6,8,2,0.2777777777777778
2022-10-01,Cork,16,3,3,13,0,0.1875
2022-10-01,Donegal,15,3,3,11,1,0.2
2022-10-01,Dublin City,12,1,0,10,4,0.08333333333333333
2022-10-01,Dún Laoghaire-Rathdown,8,2,2,9,1,0.25
2022-10-01,Fingal,20,5,3,11,0,0.25
2022-10-01,Galway,20,7,4,17,3,0.35
2022-10-01,Kerry,18,4,4,13,1,0.2222222222222222
2022-10-01,Kildare,12,2,2,12,2,0.16666666666666666
2022-10-01,Kilkenny,14,2,1,20,3,0.14285714285714285
2022-10-01,Laois,18,2,2,13,2,0.1111111111111111
2022-10-01,Limerick,18,7,6,12,1,0.3888888888888889
2022-10-01,Louth,19,5,4,13,0,0.2631578947368421
2022-10-01,Mayo,15,3,3,17,1,0.2
2022-10-01,Meath,13,4,3,9,2,0.3076923076923077
2022-10-01,Monaghan,14,2,0,13,2,0.14285714285714285
2022-10-01,Offaly,12,3,2,17,5,0.25
2022-10-01,Sligo,15,3,3,14,2,0.2
2022-10-01,South Dublin,12,2,0,13,1,0.16666666666666666
2022-10-01,Tipperary,15,1,1,16,2,0.06666666666666667
2022-10-01,Waterford,12,4,3,12,0,0.3333333333333333
2022-10-01,Westmeath,9,2,2,9,0,0.2222222222222222
2022-10-01,Wexford,13,6,6,13,2,0.46153846153846156
2022-10-01,Wicklow,9,3,2,13,2,0.3333333333333333
2022-11-01,Cavan,19,5,4,18,2,0.2631578947368421
2022-11-01,Clare,16,5,2,8,0,0.3125
2022-11-01,Cork,21,5,4,12,3,0.23809523809523808
2022-11-01,Donegal,8,1,0,19,4,0.125
2022-11-01,Dublin City,19,5,3,15,2,0.2631578947368421
2022-11-01,Dún Laoghaire-Rathdown,13,0,0,12,2,0.0
2022-11-01,Fingal,17,4,3,11,0,0.23529411764705882
2022-11-01,Galway,22,1,2,13,2,0.045454545454545456
2022-11-01,Kerry,15,2,2,12,1,0.13333333333333333
2022-11-01,Kildare,18,3,1,15,2,0.16666666666666666
2022-11-01,Kilkenny,17,4,3,9,2,0.23529411764705882
2022-11-01,Laois,16,1,0,12,1,0.0625
2022-11-01,Limerick,21,5,3,10,2,0.23809523809523808
2022-11-01,Louth,14,2,2,14,1,0.14285714285714285
2022-11-01,Mayo,20,4,1,16,4,0.2
2022-11-01,Meath,15,5,3,10,4,0.3333333333333333
2022-11-01,Monaghan,16,3,2,17,7,0.1875
2022-11-01,Offaly,16,2,2,12,1,0.125
2022-11-01,Sligo,9,1,0,14,2,0.1111111111111111
2022-11-01,South Dublin,11,5,5,13,0,0.45454545454545453
2022-11-01,Tipperary,15,2,1,15,2,0.13333333333333333
2022-11-01,Waterford,15,1,0,10,3,0.06666666666666667
2022-11-01,Westmeath,20,1,0,12,0,0.05
2022-11-01,Wexford,26,4,4,13,3,0.15384615384615385
2022-11-01,Wicklow,18,2,0,12,1,0.1111111111111111
2022-12-01,Cavan,18,4,4,12,3,0.2222222222222222
2022-12-01,Clare,10,0,0,12,0,0.0
2022-12-01,Cork,7,0,0,8,2,0.0
2022-12-01,Donegal,20,8,6,15,2,0.4
2022-12-01,Dublin City,11,3,2,12,2,0.2727272727272727
2022-12-01,Dún Laoghaire-Rathdown,14,5,5,12,2,0.35714285714285715
2022-12-01,Fingal,11,2,1,11,2,0.18181818181818182
2022-12-01,Galway,17,2,1,15,3,0.11764705882352941
2022-12-01,Kerry,24,5,4,16,3,0.20833333333333334
2022-12-01,Kildare,19,3,3,18,1,0.15789473684210525
2022-12-01,Kilkenny,21,3,4,17,2,0.14285714285714285
2022-12-01,Laois,19,4,3,12,1,0.21052631578947367
2022-12-01,Limerick,21,1,0,16,1,0.047619047619047616
2022-12-01,Louth,24,5,4,17,1,0.20833333333333334
2022-12-01,Mayo,18,6,5,18,1,0.3333333333333333
2022-12-01,Meath,15,2,1,9,2,0.13333333333333333
2022-12-01,Monaghan,11,2,1,12,2,0.18181818181818182
2022-12-01,Offaly,10,3,2,12,0,0.3
2022-12-01,Sligo,15,3,3,14,2,0.2
2022-12-01,South Dublin,17,1,0,14,2,0.058823529411764705
2022-12-01,Tipperary,23,8,7,11,2,0.34782608695652173
2022-12-01,Waterford,8,3,2,21,3,0.375
2022-12-01,Westmeath,10,2,0,12,3,0.2
2022-12-01,Wexford,18,4,3,11,1,0.2222222222222222
2022-12-01,Wicklow,21,3,3,15,2,0.14285714285714285
2023-01-01,Cavan,22,3,2,13,1,0.13636363636363635
2023-01-01,Clare,21,2,1,14,4,0.09523809523809523
2023-01-01,Cork,17,4,4,17,3,0.23529411764705882
2023-01-01,Donegal,13,1,0,15,2,0.07692307692307693
2023-01-01,Dublin City,13,4,3,16,4,0.3076923076923077
2023-01-01,Dún Laoghaire-Rathdown,22,4,4,9,1,0.18181818181818182
2023-01-01,Fingal,11,3,2,11,4,0.2727272727272727
2023-01-01,Galway,14,3,3,9,0,0.21428571428571427
2023-01-01,Kerry,16,1,1,9,1,0.0625
2023-01-01,Kildare,18,2,2,17,0,0.1111111111111111
2023-01-01,Kilkenny,25,3,3,11,2,0.12
2023-01-01,Laois,12,4,4,11,1,0.3333333333333333
2023-01-01,Limerick,18,1,1,11,0,0.05555555555555555
2023-01-01,Louth,14,3,3,16,2,0.21428571428571427
2023-01-01,Mayo,19,2,1,17,3,0.10526315789473684
2023-01-01,Meath,16,3,2,13,2,0.1875
2023-01-01,Monaghan,19,2,1,9,2,0.10526315789473684
2023-01-01,Offaly,22,6,2,21,1,0.2727272727272727
2023-01-01,Sligo,17,3,2,13,4,0.17647058823529413
2023-01-01,South Dublin,23,5,5,13,1,0.21739130434782608
2023-01-01,Tipperary,19,9,8,16,2,0.47368421052631576
2023-01-01,Waterford,13,1,1,20,3,0.07692307692307693
2023-01-01,Westmeath,17,3,0,6,2,0.17647058823529413
2023-01-01,Wexford,14,5,3,9,1,0.35714285714285715
2023-01-01,Wicklow,23,3,2,21,1,0.13043478260869565
2023-02-01,Cavan,12,0,0,10,0,0.0
2023-02-01,Clare,17,3,3,15,3,0.17647058823529413
2023-02-01,Cork,15,3,2,9,0,0.2
2023-02-01,Donegal,9,4,2,11,1,0.4444444444444444
2023-02-01,Dublin City,14,3,2,7,1,0.21428571428571427
2023-02-01,Dún Laoghaire-Rathdown,9,0,0,7,0,0.0
2023-02-01,Fingal,14,2,1,16,6,0.14285714285714285
2023-02-01,Galway,20,5,4,16,2,0.25
2023-02-01,Kerry,18,2,1,9,0,0.1111111111111111
2023-02-01,Kildare,16,3,2,7,1,0.1875
2023-02-01,Kilkenny,12,2,1,6,0,0.16666666666666666
2023-02-01,Laois,13,4,2,19,1,0.3076923076923077
2023-02-01,Limerick,22,5,4,10,1,0.22727272727272727
2023-02-01,Louth,18,3,3,10,0,0.16666666666666666
2023-02-01,Mayo,13,0,0,16,2,0.0
2023-02-01,Meath,10,2,1,15,5,0.2
2023-02-01,Monaghan,20,2,1,19,2,0.1
2023-02-01,Offaly,18,4,3,18,1,0.2222222222222222
2023-02-01,Sligo,14,3,3,8,1,0.21428571428571427
2023-02-01,South Dublin,8,1,1,9,0,0.125
2023-02-01,Tipperary,22,6,4,13,3,0.2727272727272727
2023-02-01,Waterford,26,7,5,8,0,0.2692307692307692
2023-02-01,Westmeath,8,2,2,8,1,0.25
2023-02-01,Wexford,15,4,3,10,1,0.26666666666666666
2023-02-01,Wicklow,20,2,0,11,0,0.1
2023-03-01,Cavan,19,5,2,20,3,0.2631578947368421
2023-03-01,Clare,10,2,1,17,4,0.2
2023-03-01,Cork,15,4,3,9,1,0.26666666666666666
2023-03-01,Donegal,10,3,2,17,1,0.3
2023-03-01,Dublin City,16,5,3,12,4,0.3125
2023-03-01,Dún Laoghaire-Rathdown,15,0,0,12,1,0.0
2023-03-01,Fingal,18,4,4,15,1,0.2222222222222222
2023-03-01,Galway,9,3,3,13,1,0.3333333333333333
2023-03-01,Kerry,15,2,2,9,1,0.13333333333333333
2023-03-01,Kildare,18,5,3,15,1,0.2777777777777778
2023-03-01,Kilkenny,21,3,2,9,2,0.14285714285714285
2023-03-01,Laois,24,5,4,13,2,0.20833333333333334
2023-03-01,Limerick,14,2,1,15,3,0.14285714285714285
2023-03-01,Louth,12,7,6,12,0,0.5833333333333334
2023-03-01,Mayo,26,5,2,14,2,0.19230769230769232
2023-03-01,Meath,10,1,1,17,5,0.1
2023-03-01,Monaghan,13,3,2,8,2,0.23076923076923078
2023-03-01,Offaly,18,5,4,13,3,0.2777777777777778
2023-03-01,Sligo,17,2,3,16,0,0.11764705882352941
2023-03-01,South Dublin,23,4,4,14,3,0.17391304347826086
2023-03-01,Tipperary,16,5,5,10,3,0.3125
2023-03-01,Waterford,10,3,2,7,0,0.3
2023-03-01,Westmeath,16,3,2,4,0,0.1875
2023-03-01,Wexford,14,5,4,14,1,0.35714285714285715
2023-03-01,Wicklow,21,6,4,13,2,0.2857142857142857
2023-04-01,Cavan,17,3,3,11,1,0.17647058823529413
2023-04-01,Clare,16,5,4,14,3,0.3125
2023-04-01,Cork,13,0,0,15,2,0.0
2023-04-01,Donegal,8,1,1,7,1,0.125
2023-04-01,Dublin City,23,8,8,7,0,0.34782608695652173
2023-04-01,Dún Laoghaire-Rathdown,18,5,4,11,0,0.2777777777777778
2023-04-01,Fingal,17,2,2,9,1,0.11764705882352941
2023-04-01,Galway,21,5,4,18,3,0.23809523809523808
2023-04-01,Kerry,14,1,1,14,3,0.07142857142857142
2023-04-01,Kildare,17,4,4,5,1,0.23529411764705882
2023-04-01,Kilkenny,16,3,3,9,2,0.1875
2023-04-01,Laois,17,5,5,11,0,0.29411764705882354
2023-04-01,Limerick,22,2,1,15,4,0.09090909090909091
2023-04-01,Louth,17,4,3,13,2,0.23529411764705882
2023-04-01,Mayo,18,8,7,15,4,0.4444444444444444
2023-04-01,Meath,20,5,5,10,3,0.25
2023-04-01,Monaghan,15,5,4,10,1,0.3333333333333333
2023-04-01,Offaly,21,7,7,9,1,0.3333333333333333
2023-04-01,Sligo,14,0,0,8,3,0.0
2023-04-01,South Dublin,16,5,4,10,0,0.3125
2023-04-01,Tipperary,22,8,6,9,3,0.36363636363636365
2023-04-01,Waterford,10,3,2,10,0,0.3
2023-04-01,Westmeath,13,4,2,7,0,0.3076923076923077
2023-04-01,Wexford,18,6,5,18,1,0.3333333333333333
2023-04-01,Wicklow,21,7,6,10,1,0.3333333333333333
2023-05-01,Cavan,15,5,5,13,2,0.3333333333333333
2023-05-01,Clare,16,3,2,14,5,0.1875
2023-05-01,Cork,15,3,3,10,1,0.2
2023-05-01,Donegal,8,3,3,7,0,0.375
2023-05-01,Dublin City,23,1,1,13,3,0.043478260869565216
2023-05-01,Dún Laoghaire-Rathdown,22,4,3,10,1,0.18181818181818182
2023-05-01,Fingal,28,7,6,13,1,0.25
2023-05-01,Galway,11,0,0,9,3,0.0
2023-05-01,Kerry,23,4,2,15,4,0.17391304347826086
2023-05-01,Kildare,10,0,0,6,1,0.0
2023-05-01,Kilkenny,21,4,2,15,2,0.19047619047619047
2023-05-01,Laois,19,4,3,9,1,0.21052631578947367
2023-05-01,Limerick,20,7,3,6,0,0.35
2023-05-01,Louth,6,1,0,5,1,0.16666666666666666
2023-05-01,Mayo,18,5,4,12,0,0.2777777777777778
2023-05-01,Meath,18,5,6,11,3,0.2777777777777778
2023-05-01,Monaghan,15,0,0,10,0,0.0
2023-05-01,Offaly,23,4,4,11,1,0.17391304347826086
2023-05-01,Sligo,14,5,3,15,1,0.35714285714285715
2023-05-01,South Dublin,15,2,0,8,0,0.13333333333333333
2023-05-01,Tipperary,23,4,2,16,3,0.17391304347826086
2023-05-01,Waterford,22,4,4,12,4,0.18181818181818182
2023-05-01,Westmeath,10,2,2,13,1,0.2
2023-05-01,Wexford,18,7,2,13,3,0.3888888888888889
2023-05-01,Wicklow,22,3,2,15,4,0.13636363636363635
2023-06-01,Cavan,12,2,0,14,3,0.16666666666666666
2023-06-01,Clare,19,1,1,12,2,0.05263157894736842
2023-06-01,Cork,22,4,2,15,1,0.18181818181818182
2023-06-01,Donegal,9,3,2,12,2,0.3333333333333333
2023-06-01,Dublin City,29,2,3,8,4,0.06896551724137931
2023-06-01,Dún Laoghaire-Rathdown,14,3,2,12,3,0.21428571428571427
2023-06-01,Fingal,19,3,3,12,2,0.15789473684210525
2023-06-01,Galway,17,7,6,20,5,0.4117647058823529
2023-06-01,Kerry,9,0,0,8,3,0.0
2023-06-01,Kildare,15,1,1,9,1,0.06666666666666667
2023-06-01,Kilkenny,6,0,0,12,2,0.0
2023-06-01,Laois,20,2,1,17,2,0.1
2023-06-01,Limerick,19,3,0,9,1,0.15789473684210525
2023-06-01,Louth,15,1,0,11,1,0.06666666666666667
2023-06-01,Mayo,19,6,2,15,2,0.3157894736842105
2023-06-01,Meath,14,6,5,15,3,0.42857142857142855
2023-06-01,Monaghan,10,2,2,8,4,0.2
2023-06-01,Offaly,10,0,0,11,2,0.0
2023-06-01,Sligo,15,3,1,19,0,0.2
2023-06-01,South Dublin,15,5,4,13,0,0.3333333333333333
2023-06-01,Tipperary,17,0,0,12,0,0.0
2023-06-01,Waterford,15,1,0,13,2,0.06666666666666667
2023-06-01,Westmeath,9,3,3,6,0,0.3333333333333333
2023-06-01,Wexford,13,2,2,11,1,0.15384615384615385
2023-06-01,Wicklow,16,5,2,14,1,0.3125
2023-07-01,Cavan,13,3,2,13,0,0.23076923076923078
2023-07-01,Clare,20,4,3,11,0,0.2
2023-07-01,Cork,17,4,4,10,1,0.23529411764705882
2023-07-01,Donegal,16,3,3,15,5,0.1875
2023-07-01,Dublin City,11,5,5,16,3,0.45454545454545453
2023-07-01,Dún Laoghaire-Rathdown,10,2,1,11,0,0.2
2023-07-01,Fingal,13,1,0,12,1,0.07692307692307693
2023-07-01,Galway,15,5,5,10,5,0.3333333333333333
2023-07-01,Kerry,16,4,3,17,4,0.25
2023-07-01,Kildare,15,3,2,10,0,0.2
2023-07-01,Kilkenny,11,2,2,10,0,0.18181818181818182
2023-07-01,Laois,17,6,4,18,3,0.35294117647058826
2023-07-01,Limerick,15,2,1,12,0,0.13333333333333333
2023-07-01,Louth,17,2,1,17,2,0.11764705882352941
2023-07-01,Mayo,25,4,2,13,0,0.16
2023-07-01,Meath,16,2,1,8,0,0.125
2023-07-01,Monaghan,14,2,2,8,1,0.14285714285714285
2023-07-01,Offaly,17,3,2,12,1,0.17647058823529413
2023-07-01,Sligo,19,6,6,19,4,0.3157894736842105
2023-07-01,South Dublin,14,2,2,11,2,0.14285714285714285
2023-07-01,Tipperary,22,6,5,8,1,0.2727272727272727
2023-07-01,Waterford,17,5,2,17,3,0.29411764705882354
2023-07-01,Westmeath,19,2,0,10,1,0.10526315789473684
2023-07-01,Wexford,23,9,8,10,1,0.391304347826087
2023-07-01,Wicklow,15,4,2,6,0,0.26666666666666666
2023-08-01,Cavan,11,2,1,9,0,0.18181818181818182
2023-08-01,Clare,17,2,1,13,1,0.11764705882352941
2023-08-01,Cork,9,1,0,20,4,0.1111111111111111
2023-08-01,Donegal,13,1,0,16,1,0.07692307692307693
2023-08-01,Dublin City,21,4,3,15,2,0.19047619047619047
2023-08-01,Dún Laoghaire-Rathdown,11,5,3,9,0,0.45454545454545453
2023-08-01,Fingal,16,4,4,12,2,0.25
2023-08-01,Galway,21,6,4,11,0,0.2857142857142857
2023-08-01,Kerry,20,3,3,10,0,0.15
2023-08-01,Kildare,11,0,0,12,2,0.0
2023-08-01,Kilkenny,18,6,3,11,2,0.3333333333333333
2023-08-01,Laois,19,4,4,12,0,0.21052631578947367
2023-08-01,Limerick,18,2,2,9,0,0.1111111111111111
2023-08-01,Louth,19,5,4,8,1,0.2631578947368421
2023-08-01,Mayo,27,5,5,15,3,0.18518518518518517
2023-08-01,Meath,12,4,4,8,1,0.3333333333333333
2023-08-01,Monaghan,20,5,5,27,1,0.25
2023-08-01,Offaly,20,5,4,12,2,0.25
2023-08-01,Sligo,12,1,1,5,1,0.08333333333333333
2023-08-01,South Dublin,19,3,2,4,0,0.15789473684210525
2023-08-01,Tipperary,13,2,2,18,3,0.15384615384615385
2023-08-01,Waterford,21,2,2,19,3,0.09523809523809523
2023-08-01,Westmeath,12,5,5,5,0,0.4166666666666667
2023-08-01,Wexford,14,5,4,16,2,0.35714285714285715
2023-08-01,Wicklow,19,2,2,9,2,0.10526315789473684
2023-09-01,Cavan,11,2,1,9,1,0.18181818181818182
2023-09-01,Clare,15,2,2,10,1,0.13333333333333333
2023-09-01,Cork,17,6,4,13,1,0.35294117647058826
2023-09-01,Donegal,28,6,4,10,4,0.21428571428571427
2023-09-01,Dublin City,26,6,4,7,1,0.23076923076923078
2023-09-01,Dún Laoghaire-Rathdown,18,4,3,9,0,0.2222222222222222
2023-09-01,Fingal,16,6,6,15,1,0.375
2023-09-01,Galway,10,0,0,9,1,0.0
2023-09-01,Kerry,15,1,1,16,2,0.06666666666666667
2023-09-01,Kildare,15,4,4,13,4,0.26666666666666666
2023-09-01,Kilkenny,25,2,1,10,2,0.08
2023-09-01,Laois,22,4,2,7,1,0.18181818181818182
2023-09-01,Limerick,19,4,3,12,3,0.21052631578947367
2023-09-01,Louth,15,1,1,11,1,0.06666666666666667
2023-09-01,Mayo,24,5,3,17,0,0.20833333333333334
2023-09-01,Meath,11,4,4,7,1,0.36363636363636365
2023-09-01,Monaghan,10,1,0,12,1,0.1
2023-09-01,Offaly,11,2,2,12,4,0.18181818181818182
2023-09-01,Sligo,13,2,1,17,2,0.15384615384615385
2023-09-01,South Dublin,14,4,2,11,2,0.2857142857142857
2023-09-01,Tipperary,18,2,1,7,0,0.1111111111111111
2023-09-01,Waterford,9,0,0,9,1,0.0
2023-09-01,Westmeath,20,7,4,8,2,0.35
2023-09-01,Wexford,15,4,3,11,2,0.26666666666666666
2023-09-01,Wicklow,20,7,4,14,2,0.35
2023-10-01,Cavan,19,7,4,12,2,0.3684210526315789
2023-10-01,Clare,11,4,4,12,3,0.36363636363636365
2023-10-01,Cork,22,9,8,10,2,0.4090909090909091
2023-10-01,Donegal,19,6,4,17,2,0.3157894736842105
2023-10-01,Dublin City,10,4,4,20,3,0.4
2023-10-01,Dún Laoghaire-Rathdown,6,0,0,14,0,0.0
2023-10-01,Fingal,8,3,2,22,3,0.375
2023-10-01,Galway,18,3,4,19,3,0.16666666666666666
2023-10-01,Kerry,14,0,0,21,1,0.0
2023-10-01,Kildare,16,3,2,8,0,0.1875
2023-10-01,Kilkenny,10,1,1,14,1,0.1
2023-10-01,Laois,15,4,3,7,5,0.26666666666666666
2023-10-01,Limerick,17,2,2,12,0,0.11764705882352941
2023-10-01,Louth,20,4,4,15,2,0.2
2023-10-01,Mayo,21,6,5,11,3,0.2857142857142857
2023-10-01,Meath,15,7,4,8,2,0.4666666666666667
2023-10-01,Monaghan,18,0,0,17,3,0.0
2023-10-01,Offaly,15,4,3,11,2,0.26666666666666666
2023-10-01,Sligo,19,4,3,16,1,0.21052631578947367
2023-10-01,South Dublin,14,2,2,13,2,0.14285714285714285
2023-10-01,Tipperary,15,6,4,13,1,0.4
2023-10-01,Waterford,15,4,3,7,1,0.26666666666666666
2023-10-01,Westmeath,19,2,0,11,2,0.10526315789473684
2023-10-01,Wexford,17,3,3,11,2,0.17647058823529413
2023-10-01,Wicklow,19,5,5,15,2,0.2631578947368421
2023-11-01,Cavan,18,5,5,6,1,0.2777777777777778
2023-11-01,Clare,20,5,4,20,3,0.25
2023-11-01,Cork,17,4,4,16,2,0.23529411764705882
2023-11-01,Donegal,19,7,4,12,3,0.3684210526315789
2023-11-01,Dublin City,18,5,2,15,2,0.2777777777777778
2023-11-01,Dún Laoghaire-Rathdown,16,3,1,7,1,0.1875
2023-11-01,Fingal,20,5,2,11,0,0.25
2023-11-01,Galway,19,6,2,15,1,0.3157894736842105
2023-11-01,Kerry,14,5,4,10,1,0.35714285714285715
2023-11-01,Kildare,11,1,1,12,1,0.09090909090909091
2023-11-01,Kilkenny,14,2,0,6,0,0.14285714285714285
2023-11-01,Laois,20,5,4,16,0,0.25
2023-11-01,Limerick,9,1,0,10,1,0.1111111111111111
2023-11-01,Louth,14,3,2,16,3,0.21428571428571427
2023-11-01,Mayo,18,4,4,12,1,0.2222222222222222
2023-11-01,Meath,12,5,5,15,3,0.4166666666666667
2023-11-01,Monaghan,26,6,5,18,4,0.23076923076923078
2023-11-01,Offaly,11,1,1,12,3,0.09090909090909091
2023-11-01,Sligo,13,5,4,15,2,0.38461538461538464
2023-11-01,South Dublin,21,5,5,9,2,0.23809523809523808
2023-11-01,Tipperary,22,6,4,6,0,0.2727272727272727
2023-11-01,Waterford,20,6,5,22,2,0.3
2023-11-01,Westmeath,11,3,2,11,3,0.2727272727272727
2023-11-01,Wexford,13,2,1,16,3,0.15384615384615385
2023-11-01,Wicklow,23,3,2,13,2,0.13043478260869565
2023-12-01,Cavan,15,2,2,7,0,0.13333333333333333
2023-12-01,Clare,15,2,2,10,0,0.13333333333333333
2023-12-01,Cork,16,5,5,12,3,0.3125
2023-12-01,Donegal,26,8,5,12,1,0.3076923076923077
2023-12-01,Dublin City,14,1,1,8,1,0.07142857142857142
2023-12-01,Dún Laoghaire-Rathdown,10,2,1,10,1,0.2
2023-12-01,Fingal,15,5,5,15,1,0.3333333333333333
2023-12-01,Galway,18,6,4,13,0,0.3333333333333333
2023-12-01,Kerry,11,2,2,15,1,0.18181818181818182
2023-12-01,Kildare,19,7,5,11,1,0.3684210526315789
2023-12-01,Kilkenny,19,8,6,11,1,0.42105263157894735
2023-12-01,Laois,17,3,2,11,0,0.17647058823529413
2023-12-01,Limerick,12,4,4,18,6,0.3333333333333333
2023-12-01,Louth,16,4,4,12,0,0.25
2023-12-01,Mayo,14,4,2,20,3,0.2857142857142857
2023-12-01,Meath,20,5,4,14,1,0.25
2023-12-01,Monaghan,19,2,1,16,2,0.10526315789473684
2023-12-01,Offaly,18,5,4,11,2,0.2777777777777778
2023-12-01,Sligo,16,2,2,11,1,0.125
2023-12-01,South Dublin,17,5,4,18,2,0.29411764705882354
2023-12-01,Tipperary,17,4,2,13,2,0.23529411764705882
2023-12-01,Waterford,15,4,2,8,1,0.26666666666666666
2023-12-01,Westmeath,17,4,4,15,3,0.23529411764705882
2023-12-01,Wexford,13,3,2,10,2,0.23076923076923078
2023-12-01,Wicklow,19,6,4,18,5,0.3157894736842105
2024-01-01,Cavan,14,5,4,17,1,0.35714285714285715
2024-01-01,Clare,20,3,3,15,0,0.15
2024-01-01,Cork,10,2,2,8,1,0.2
2024-01-01,Donegal,14,4,1,13,3,0.2857142857142857
2024-01-01,Dublin City,13,5,5,14,4,0.38461538461538464
2024-01-01,Dún Laoghaire-Rathdown,11,2,2,9,1,0.18181818181818182
2024-01-01,Fingal,14,4,3,15,3,0.2857142857142857
2024-01-01,Galway,15,2,1,18,2,0.13333333333333333
2024-01-01,Kerry,13,5,4,13,0,0.38461538461538464
2024-01-01,Kildare,15,2,2,8,1,0.13333333333333333
2024-01-01,Kilkenny,21,4,2,6,1,0.19047619047619047
2024-01-01,Laois,25,6,4,12,3,0.24
2024-01-01,Limerick,17,1,1,13,3,0.058823529411764705
2024-01-01,Louth,15,4,4,11,0,0.26666666666666666
2024-01-01,Mayo,23,4,4,17,2,0.17391304347826086
2024-01-01,Meath,12,2,2,7,0,0.16666666666666666
2024-01-01,Monaghan,25,8,8,16,4,0.32
2024-01-01,Offaly,14,4,2,11,1,0.2857142857142857
2024-01-01,Sligo,20,4,4,12,1,0.2
2024-01-01,South Dublin,14,5,3,10,1,0.35714285714285715
2024-01-01,Tipperary,19,4,2,11,2,0.21052631578947367
2024-01-01,Waterford,10,3,2,10,3,0.3
2024-01-01,Westmeath,16,3,2,8,2,0.1875
2024-01-01,Wexford,19,3,2,14,3,0.15789473684210525
2024-01-01,Wicklow,14,5,2,12,1,0.35714285714285715
2024-02-01,Cavan,16,5,5,14,3,0.3125
2024-02-01,Clare,21,7,6,15,2,0.3333333333333333
2024-02-01,Cork,17,1,1,8,1,0.058823529411764705
2024-02-01,Donegal,15,4,4,9,0,0.26666666666666666
2024-02-01,Dublin City,20,5,5,14,3,0.25
2024-02-01,Dún Laoghaire-Rathdown,12,3,2,10,1,0.25
2024-02-01,Fingal,23,5,4,7,5,0.21739130434782608
2024-02-01,Galway,16,3,3,10,2,0.1875
2024-02-01,Kerry,14,3,3,6,1,0.21428571428571427
2024-02-01,Kildare,18,3,3,7,0,0.16666666666666666
2024-02-01,Kilkenny,19,1,1,9,2,0.05263157894736842
2024-02-01,Laois,17,5,3,10,0,0.29411764705882354
2024-02-01,Limerick,16,7,6,15,0,0.4375
2024-02-01,Louth,17,6,5,12,4,0.35294117647058826
2024-02-01,Mayo,21,3,2,21,3,0.14285714285714285
2024-02-01,Meath,11,3,3,19,1,0.2727272727272727
2024-02-01,Monaghan,22,3,3,12,2,0.13636363636363635
2024-02-01,Offaly,20,2,1,9,1,0.1
2024-02-01,Sligo,18,3,1,6,2,0.16666666666666666
2024-02-01,South Dublin,9,3,1,8,1,0.3333333333333333
2024-02-01,Tipperary,9,2,2,20,3,0.2222222222222222
2024-02-01,Waterford,14,4,2,10,1,0.2857142857142857
2024-02-01,Westmeath,14,2,1,9,1,0.14285714285714285
2024-02-01,Wexford,11,0,0,11,1,0.0
2024-02-01,Wicklow,19,7,4,15,1,0.3684210526315789
2024-03-01,Cavan,17,7,7,15,3,0.4117647058823529
2024-03-01,Clare,19,3,2,19,1,0.15789473684210525
2024-03-01,Cork,27,5,5,10,2,0.18518518518518517
2024-03-01,Donegal,18,1,1,11,1,0.05555555555555555
2024-03-01,Dublin City,16,4,4,4,0,0.25
2024-03-01,Dún Laoghaire-Rathdown,26,3,2,9,3,0.11538461538461539
2024-03-01,Fingal,20,2,2,13,3,0.1
2024-03-01,Galway,22,2,0,14,1,0.09090909090909091
2024-03-01,Kerry,15,3,2,16,2,0.2
2024-03-01,Kildare,24,8,6,9,1,0.3333333333333333
2024-03-01,Kilkenny,30,8,5,8,1,0.26666666666666666
2024-03-01,Laois,13,2,2,19,1,0.15384615384615385
2024-03-01,Limerick,14,3,1,16,2,0.21428571428571427
2024-03-01,Louth,19,7,7,6,0,0.3684210526315789
2024-03-01,Mayo,15,2,1,19,3,0.13333333333333333
2024-03-01,Meath,22,3,3,14,1,0.13636363636363635
2024-03-01,Monaghan,14,6,6,11,0,0.42857142857142855
2024-03-01,Offaly,17,4,4,19,4,0.23529411764705882
2024-03-01,Sligo,20,6,6,15,4,0.3
2024-03-01,South Dublin,17,4,4,6,0,0.23529411764705882
2024-03-01,Tipperary,23,5,5,11,4,0.21739130434782608
2024-03-01,Waterford,18,4,1,13,1,0.2222222222222222
2024-03-01,Westmeath,18,5,4,11,2,0.2777777777777778
2024-03-01,Wexford,20,4,2,15,1,0.2
2024-03-01,Wicklow,21,4,1,15,4,0.19047619047619047
2024-04-01,Cavan,16,4,3,10,3,0.25
2024-04-01,Clare,13,1,1,16,1,0.07692307692307693
2024-04-01,Cork,13,6,4,8,2,0.46153846153846156
2024-04-01,Donegal,16,2,0,14,3,0.125
2024-04-01,Dublin City,12,3,3,17,1,0.25
2024-04-01,Dún Laoghaire-Rathdown,16,2,1,14,2,0.125
2024-04-01,Fingal,14,3,3,9,2,0.21428571428571427
2024-04-01,Galway,14,3,3,15,5,0.21428571428571427
2024-04-01,Kerry,11,1,1,6,0,0.09090909090909091
2024-04-01,Kildare,13,4,4,10,0,0.3076923076923077
2024-04-01,Kilkenny,15,5,3,12,0,0.3333333333333333
2024-04-01,Laois,21,2,2,15,1,0.09523809523809523
2024-04-01,Limerick,22,4,4,14,3,0.18181818181818182
2024-04-01,Louth,21,4,2,20,3,0.19047619047619047
2024-04-01,Mayo,19,6,5,14,2,0.3157894736842105
2024-04-01,Meath,13,2,1,8,2,0.15384615384615385
2024-04-01,Monaghan,18,1,0,9,1,0.05555555555555555
2024-04-01,Offaly,16,7,3,12,0,0.4375
2024-04-01,Sligo,21,8,6,13,0,0.38095238095238093
2024-04-01,South Dublin,17,6,3,9,2,0.35294117647058826
2024-04-01,Tipperary,23,3,2,13,0,0.13043478260869565
2024-04-01,Waterford,15,5,2,7,0,0.3333333333333333
2024-04-01,Westmeath,19,3,1,14,2,0.15789473684210525
2024-04-01,Wexford,10,2,0,15,4,0.2
2024-04-01,Wicklow,30,5,5,12,0,0.16666666666666666
2024-05-01,Cavan,22,6,5,14,3,0.2727272727272727
2024-05-01,Clare,17,5,4,12,3,0.29411764705882354
2024-05-01,Cork,15,4,2,10,3,0.26666666666666666
2024-05-01,Donegal,16,2,2,9,1,0.125
2024-05-01,Dublin City,15,2,1,13,2,0.13333333333333333
2024-05-01,Dún Laoghaire-Rathdown,14,4,4,10,0,0.2857142857142857
2024-05-01,Fingal,14,3,3,8,2,0.21428571428571427
2024-05-01,Galway,21,5,3,10,2,0.23809523809523808
2024-05-01,Kerry,9,2,1,14,2,0.2222222222222222
2024-05-01,Kildare,16,3,3,8,2,0.1875
2024-05-01,Kilkenny,13,4,3,11,1,0.3076923076923077
2024-05-01,Laois,15,4,4,10,1,0.26666666666666666
2024-05-01,Limerick,17,2,2,13,5,0.11764705882352941
2024-05-01,Louth,13,2,2,14,2,0.15384615384615385
2024-05-01,Mayo,29,6,4,17,4,0.20689655172413793
2024-05-01,Meath,18,4,3,14,1,0.2222222222222222
2024-05-01,Monaghan,12,5,3,17,2,0.4166666666666667
2024-05-01,Offaly,16,3,1,15,3,0.1875
2024-05-01,Sligo,12,3,3,8,3,0.25
2024-05-01,South Dublin,15,1,1,14,1,0.06666666666666667
2024-05-01,Tipperary,18,7,5,10,0,0.3888888888888889
2024-05-01,Waterford,18,2,2,10,0,0.1111111111111111
2024-05-01,Westmeath,13,5,4,12,2,0.38461538461538464
2024-05-01,Wexford,15,3,2,15,1,0.2
2024-05-01,Wicklow,13,3,3,21,2,0.23076923076923078
2024-06-01,Cavan,15,7,4,17,2,0.4666666666666667
2024-06-01,Clare,15,4,4,9,3,0.26666666666666666
2024-06-01,Cork,12,2,1,9,1,0.16666666666666666
2024-06-01,Donegal,14,4,4,15,0,0.2857142857142857
2024-06-01,Dublin City,21,3,1,14,7,0.14285714285714285
2024-06-01,Dún Laoghaire-Rathdown,17,4,1,9,1,0.23529411764705882
2024-06-01,Fingal,11,0,0,11,1,0.0
2024-06-01,Galway,25,2,1,12,2,0.08
2024-06-01,Kerry,13,1,0,13,4,0.07692307692307693
2024-06-01,Kildare,13,2,1,18,1,0.15384615384615385
2024-06-01,Kilkenny,11,2,1,6,1,0.18181818181818182
2024-06-01,Laois,12,2,1,14,5,0.16666666666666666
2024-06-01,Limerick,12,5,4,12,1,0.4166666666666667
2024-06-01,Louth,15,3,1,17,1,0.2
2024-06-01,Mayo,19,1,0,13,2,0.05263157894736842
2024-06-01,Meath,19,6,3,13,2,0.3157894736842105
2024-06-01,Monaghan,19,3,3,11,5,0.15789473684210525
2024-06-01,Offaly,12,0,0,9,1,0.0
2024-06-01,Sligo,18,4,3,8,1,0.2222222222222222
2024-06-01,South Dublin,10,2,2,13,2,0.2
2024-06-01,Tipperary,14,3,2,8,0,0.21428571428571427
2024-06-01,Waterford,17,4,2,12,2,0.23529411764705882
2024-06-01,Westmeath,12,2,1,12,5,0.16666666666666666
2024-06-01,Wexford,14,2,2,6,1,0.14285714285714285
2024-06-01,Wicklow,17,2,1,14,2,0.11764705882352941
2024-07-01,Cavan,16,4,4,11,1,0.25
2024-07-01,Clare,22,6,5,9,1,0.2727272727272727
2024-07-01,Cork,16,1,1,12,2,0.0625
2024-07-01,Donegal,15,1,0,11,1,0.06666666666666667
2024-07-01,Dublin City,20,6,6,11,2,0.3
2024-07-01,Dún Laoghaire-Rathdown,20,5,4,12,2,0.25
2024-07-01,Fingal,16,3,2,6,0,0.1875
2024-07-01,Galway,18,2,2,17,4,0.1111111111111111
2024-07-01,Kerry,22,5,3,15,2,0.22727272727272727
2024-07-01,Kildare,18,5,5,8,0,0.2777777777777778
2024-07-01,Kilkenny,18,5,3,9,2,0.2777777777777778
2024-07-01,Laois,22,4,3,9,2,0.18181818181818182
2024-07-01,Limerick,10,4,3,8,1,0.4
2024-07-01,Louth,9,0,0,6,1,0.0
2024-07-01,Mayo,26,6,4,15,2,0.23076923076923078
2024-07-01,Meath,24,3,3,13,1,0.125
2024-07-01,Monaghan,21,3,3,15,1,0.14285714285714285
2024-07-01,Offaly,18,6,5,11,1,0.3333333333333333
2024-07-01,Sligo,12,1,1,14,1,0.08333333333333333
2024-07-01,South Dublin,14,3,3,16,2,0.21428571428571427
2024-07-01,Tipperary,14,3,3,17,2,0.21428571428571427
2024-07-01,Waterford,16,2,2,9,0,0.125
2024-07-01,Westmeath,15,3,2,10,0,0.2
2024-07-01,Wexford,22,3,3,14,0,0.13636363636363635
2024-07-01,Wicklow,15,1,1,14,3,0.06666666666666667
2024-08-01,Cavan,17,4,3,11,0,0.23529411764705882
2024-08-01,Clare,17,3,1,12,1,0.17647058823529413
2024-08-01,Cork,19,0,0,9,0,0.0
2024-08-01,Donegal,10,3,3,11,2,0.3
2024-08-01,Dublin City,20,4,4,15,4,0.2
2024-08-01,Dún Laoghaire-Rathdown,24,3,2,13,3,0.125
2024-08-01,Fingal,20,5,3,14,2,0.25
2024-08-01,Galway,8,2,2,11,1,0.25
2024-08-01,Kerry,12,4,2,10,4,0.3333333333333333
2024-08-01,Kildare,18,4,3,11,0,0.2222222222222222
2024-08-01,Kilkenny,17,2,2,12,2,0.11764705882352941
2024-08-01,Laois,13,3,3,12,1,0.23076923076923078
2024-08-01,Limerick,18,3,2,16,1,0.16666666666666666
2024-08-01,Louth,13,0,0,8,0,0.0
2024-08-01,Mayo,18,4,3,12,2,0.2222222222222222
2024-08-01,Meath,12,0,0,14,3,0.0
2024-08-01,Monaghan,13,4,3,19,3,0.3076923076923077
2024-08-01,Offaly,14,3,3,13,1,0.21428571428571427
2024-08-01,Sligo,15,4,2,14,3,0.26666666666666666
2024-08-01,South Dublin,20,4,2,18,1,0.2
2024-08-01,Tipperary,23,2,1,10,4,0.08695652173913043
2024-08-01,Waterford,14,0,0,14,0,0.0
2024-08-01,Westmeath,11,4,2,14,4,0.36363636363636365
2024-08-01,Wexford,12,0,0,10,2,0.0
2024-08-01,Wicklow,15,3,2,16,2,0.2
2024-09-01,Cavan,17,4,3,12,2,0.23529411764705882
2024-09-01,Clare,15,3,3,10,0,0.2
2024-09-01,Cork,17,1,1,7,1,0.058823529411764705
2024-09-01,Donegal,13,4,3,10,2,0.3076923076923077
2024-09-01,Dublin City,11,1,1,18,4,0.09090909090909091
2024-09-01,Dún Laoghaire-Rathdown,14,3,3,13,6,0.21428571428571427
2024-09-01,Fingal,20,2,1,17,1,0.1
2024-09-01,Galway,20,4,3,13,3,0.2
2024-09-01,Kerry,15,4,4,12,1,0.26666666666666666
2024-09-01,Kildare,18,3,1,9,0,0.16666666666666666
2024-09-01,Kilkenny,18,7,5,10,1,0.3888888888888889
2024-09-01,Laois,21,5,1,11,1,0.23809523809523808
2024-09-01,Limerick,21,5,5,14,1,0.23809523809523808
2024-09-01,Louth,17,6,5,15,0,0.35294117647058826
2024-09-01,Mayo,18,4,4,11,3,0.2222222222222222
2024-09-01,Meath,10,5,4,10,0,0.5
2024-09-01,Monaghan,15,3,3,10,0,0.2
2024-09-01,Offaly,17,9,7,10,0,0.5294117647058824
2024-09-01,Sligo,16,3,3,15,3,0.1875
2024-09-01,South Dublin,14,3,3,20,2,0.21428571428571427
2024-09-01,Tipperary,13,3,2,6,0,0.23076923076923078
2024-09-01,Waterford,13,4,4,15,1,0.3076923076923077
2024-09-01,Westmeath,15,4,4,6,0,0.26666666666666666
2024-09-01,Wexford,15,5,4,12,3,0.3333333333333333
2024-09-01,Wicklow,16,1,1,14,2,0.0625
2024-10-01,Cavan,14,3,1,14,2,0.21428571428571427
2024-10-01,Clare,23,4,2,20,0,0.17391304347826086
2024-10-01,Cork,18,5,3,14,2,0.2777777777777778
2024-10-01,Donegal,12,2,2,7,2,0.16666666666666666
2024-10-01,Dublin City,16,4,3,12,0,0.25
2024-10-01,Dún Laoghaire-Rathdown,21,4,2,10,1,0.19047619047619047
2024-10-01,Fingal,28,6,4,16,3,0.21428571428571427
2024-10-01,Galway,18,3,2,10,3,0.16666666666666666
2024-10-01,Kerry,13,5,5,16,6,0.38461538461538464
2024-10-01,Kildare,22,7,3,11,3,0.3181818181818182
2024-10-01,Kilkenny,22,3,2,12,2,0.13636363636363635
2024-10-01,Laois,18,4,4,22,2,0.2222222222222222
2024-10-01,Limerick,16,5,5,6,1,0.3125
2024-10-01,Louth,16,4,3,13,2,0.25
2024-10-01,Mayo,17,2,2,12,1,0.11764705882352941
2024-10-01,Meath,16,3,1,10,0,0.1875
2024-10-01,Monaghan,15,1,0,7,0,0.06666666666666667
2024-10-01,Offaly,19,6,4,15,2,0.3157894736842105
2024-10-01,Sligo,15,4,4,12,3,0.26666666666666666
2024-10-01,South Dublin,17,5,3,13,2,0.29411764705882354
2024-10-01,Tipperary,12,1,0,8,0,0.08333333333333333
2024-10-01,Waterford,15,5,4,9,0,0.3333333333333333
2024-10-01,Westmeath,8,1,1,10,1,0.125
2024-10-01,Wexford,19,5,5,12,0,0.2631578947368421
2024-10-01,Wicklow,25,8,4,19,5,0.32
2024-11-01,Cavan,17,4,2,9,1,0.23529411764705882
2024-11-01,Clare,22,7,4,7,0,0.3181818181818182
2024-11-01,Cork,17,3,3,10,0,0.17647058823529413
2024-11-01,Donegal,12,5,5,11,0,0.4166666666666667
2024-11-01,Dublin City,18,7,4,9,0,0.3888888888888889
2024-11-01,Dún Laoghaire-Rathdown,22,5,3,11,2,0.22727272727272727
2024-11-01,Fingal,11,2,2,18,2,0.18181818181818182
2024-11-01,Galway,19,4,4,10,2,0.21052631578947367
2024-11-01,Kerry,17,4,4,17,1,0.23529411764705882
2024-11-01,Kildare,20,4,2,10,0,0.2
2024-11-01,Kilkenny,21,5,3,14,1,0.23809523809523808
2024-11-01,Laois,27,6,5,14,3,0.2222222222222222
2024-11-01,Limerick,26,6,6,12,2,0.23076923076923078
2024-11-01,Louth,15,3,3,18,6,0.2
2024-11-01,Mayo,14,4,4,13,3,0.2857142857142857
2024-11-01,Meath,12,3,3,11,1,0.25
2024-11-01,Monaghan,17,1,1,7,0,0.058823529411764705
2024-11-01,Offaly,12,4,3,12,3,0.3333333333333333
2024-11-01,Sligo,15,3,3,8,0,0.2
2024-11-01,South Dublin,22,5,5,13,3,0.22727272727272727
2024-11-01,Tipperary,20,5,3,22,3,0.25
2024-11-01,Waterford,13,3,0,9,1,0.23076923076923078
2024-11-01,Westmeath,25,6,3,12,1,0.24
2024-11-01,Wexford,11,3,2,10,2,0.2727272727272727
2024-11-01,Wicklow,18,3,2,11,2,0.16666666666666666
2024-12-01,Cavan,9,2,2,13,3,0.2222222222222222
2024-12-01,Clare,12,3,2,10,2,0.25
2024-12-01,Cork,16,3,3,11,5,0.1875
2024-12-01,Donegal,14,4,4,7,2,0.2857142857142857
2024-12-01,Dublin City,15,4,2,15,0,0.26666666666666666
2024-12-01,Dún Laoghaire-Rathdown,19,5,4,15,0,0.2631578947368421
2024-12-01,Fingal,23,2,1,21,2,0.08695652173913043
2024-12-01,Galway,13,5,1,12,2,0.38461538461538464
2024-12-01,Kerry,12,3,3,16,2,0.25
2024-12-01,Kildare,10,2,2,15,2,0.2
2024-12-01,Kilkenny,16,2,2,14,0,0.125
2024-12-01,Laois,21,8,5,17,0,0.38095238095238093
2024-12-01,Limerick,15,4,3,13,2,0.26666666666666666
2024-12-01,Louth,22,2,2,11,1,0.09090909090909091
2024-12-01,Mayo,18,4,3,13,1,0.2222222222222222
2024-12-01,Meath,22,6,5,9,1,0.2727272727272727
2024-12-01,Monaghan,20,8,4,14,3,0.4
2024-12-01,Offaly,14,4,3,12,1,0.2857142857142857
2024-12-01,Sligo,12,4,3,16,0,0.3333333333333333
2024-12-01,South Dublin,20,8,6,20,7,0.4
2024-12-01,Tipperary,15,2,2,15,1,0.13333333333333333
2024-12-01,Waterford,20,5,5,12,1,0.25
2024-12-01,Westmeath,12,1,1,8,1,0.08333333333333333
2024-12-01,Wexford,11,6,6,11,1,0.5454545454545454
2024-12-01,Wicklow,16,6,4,8,0,0.375
2025-01-01,Cavan,19,1,1,13,2,0.05263157894736842
2025-01-01,Clare,18,5,5,12,3,0.2777777777777778
2025-01-01,Cork,16,6,4,12,1,0.375
2025-01-01,Donegal,14,2,1,14,3,0.14285714285714285
2025-01-01,Dublin City,17,3,3,11,1,0.17647058823529413
2025-01-01,Dún Laoghaire-Rathdown,19,6,3,24,2,0.3157894736842105
2025-01-01,Fingal,19,4,2,17,2,0.21052631578947367
2025-01-01,Galway,23,3,2,18,2,0.13043478260869565
2025-01-01,Kerry,21,2,2,11,2,0.09523809523809523
2025-01-01,Kildare,14,3,2,7,0,0.21428571428571427
2025-01-01,Kilkenny,21,6,3,17,2,0.2857142857142857
2025-01-01,Laois,14,1,0,13,0,0.07142857142857142
2025-01-01,Limerick,14,1,0,16,2,0.07142857142857142
2025-01-01,Louth,16,1,1,11,1,0.0625
2025-01-01,Mayo,16,3,3,16,4,0.1875
2025-01-01,Meath,15,3,2,13,0,0.2
2025-01-01,Monaghan,13,0,0,13,4,0.0
2025-01-01,Offaly,12,3,1,10,2,0.25
2025-01-01,Sligo,10,3,3,12,4,0.3
2025-01-01,South Dublin,15,4,3,15,2,0.26666666666666666
2025-01-01,Tipperary,28,7,7,17,2,0.25
2025-01-01,Waterford,14,5,4,10,0,0.35714285714285715
2025-01-01,Westmeath,18,2,2,5,2,0.1111111111111111
2025-01-01,Wexford,14,3,2,14,3,0.21428571428571427
2025-01-01,Wicklow,12,2,2,15,1,0.16666666666666666
2025-02-01,Cavan,21,4,3,12,0,0.19047619047619047
2025-02-01,Clare,14,4,3,9,2,0.2857142857142857
2025-02-01,Cork,17,4,3,9,1,0.23529411764705882
2025-02-01,Donegal,13,3,3,17,2,0.23076923076923078
2025-02-01,Dublin City,6,0,0,17,1,0.0
2025-02-01,Dún Laoghaire-Rathdown,11,6,5,10,2,0.5454545454545454
2025-02-01,Fingal,24,6,3,16,3,0.25
2025-02-01,Galway,8,1,1,15,1,0.125
2025-02-01,Kerry,9,1,1,9,2,0.1111111111111111
2025-02-01,Kildare,16,3,1,17,3,0.1875
2025-02-01,Kilkenny,22,8,3,13,0,0.36363636363636365
2025-02-01,Laois,19,3,2,12,1,0.15789473684210525
2025-02-01,Limerick,28,7,6,17,0,0.25
2025-02-01,Louth,14,4,3,11,1,0.2857142857142857
2025-02-01,Mayo,9,1,1,12,4,0.1111111111111111
2025-02-01,Meath,9,1,1,13,3,0.1111111111111111
2025-02-01,Monaghan,22,5,5,12,2,0.22727272727272727
2025-02-01,Offaly,14,2,2,8,1,0.14285714285714285
2025-02-01,Sligo,7,1,1,10,1,0.14285714285714285
2025-02-01,South Dublin,23,4,4,13,1,0.17391304347826086
2025-02-01,Tipperary,17,4,3,4,2,0.23529411764705882
2025-02-01,Waterford,10,3,1,10,0,0.3
2025-02-01,Westmeath,16,2,2,8,1,0.125
2025-02-01,Wexford,17,6,5,11,2,0.35294117647058826
2025-02-01,Wicklow,25,6,4,11,2,0.24
2025-03-01,Cavan,15,1,0,9,3,0.06666666666666667
2025-03-01,Clare,19,3,3,19,2,0.15789473684210525
2025-03-01,Cork,9,1,0,10,2,0.1111111111111111
2025-03-01,Donegal,20,5,3,9,3,0.25
2025-03-01,Dublin City,16,0,0,11,1,0.0
2025-03-01,Dún Laoghaire-Rathdown,21,3,2,13,3,0.14285714285714285
2025-03-01,Fingal,16,4,3,11,1,0.25
2025-03-01,Galway,14,4,3,17,2,0.2857142857142857
2025-03-01,Kerry,18,1,1,16,1,0.05555555555555555
2025-03-01,Kildare,14,2,2,8,0,0.14285714285714285
2025-03-01,Kilkenny,20,5,2,17,3,0.25
2025-03-01,Laois,23,5,4,11,1,0.21739130434782608
2025-03-01,Limerick,21,5,5,9,1,0.23809523809523808
2025-03-01,Louth,19,6,6,10,2,0.3157894736842105
2025-03-01,Mayo,16,3,3,17,2,0.1875
2025-03-01,Meath,19,3,2,11,2,0.15789473684210525
2025-03-01,Monaghan,17,3,3,12,1,0.17647058823529413
2025-03-01,Offaly,10,4,4,13,1,0.4
2025-03-01,Sligo,13,4,3,15,1,0.3076923076923077
2025-03-01,South Dublin,20,2,1,9,1,0.1
2025-03-01,Tipperary,15,3,3,5,0,0.2
2025-03-01,Waterford,19,3,2,12,1,0.15789473684210525
2025-03-01,Westmeath,9,1,1,9,0,0.1111111111111111
2025-03-01,Wexford,12,4,3,11,1,0.3333333333333333
2025-03-01,Wicklow,27,2,2,12,1,0.07407407407407407
2025-04-01,Cavan,17,3,3,15,3,0.17647058823529413
2025-04-01,Clare,17,4,3,14,1,0.23529411764705882
2025-04-01,Cork,12,3,3,12,4,0.25
2025-04-01,Donegal,10,3,2,13,2,0.3
2025-04-01,Dublin City,11,3,1,15,1,0.2727272727272727
2025-04-01,Dún Laoghaire-Rathdown,18,5,5,19,3,0.2777777777777778
2025-04-01,Fingal,15,3,2,15,0,0.2
2025-04-01,Galway,13,1,0,11,1,0.07692307692307693
2025-04-01,Kerry,10,1,1,9,1,0.1
2025-04-01,Kildare,17,5,4,13,1,0.29411764705882354
2025-04-01,Kilkenny,12,4,1,22,4,0.3333333333333333
2025-04-01,Laois,28,5,4,8,1,0.17857142857142858
2025-04-01,Limerick,14,8,7,15,3,0.5714285714285714
2025-04-01,Louth,18,3,3,16,3,0.16666666666666666
2025-04-01,Mayo,16,3,2,8,1,0.1875
2025-04-01,Meath,12,3,3,11,1,0.25
2025-04-01,Monaghan,14,4,4,21,3,0.2857142857142857
2025-04-01,Offaly,18,6,6,12,1,0.3333333333333333
2025-04-01,Sligo,15,4,4,7,2,0.26666666666666666
2025-04-01,South Dublin,18,6,4,11,1,0.3333333333333333
2025-04-01,Tipperary,20,4,4,12,3,0.2
2025-04-01,Waterford,12,2,2,6,0,0.16666666666666666
2025-04-01,Westmeath,12,4,3,12,2,0.3333333333333333
2025-04-01,Wexford,15,6,4,12,2,0.4
2025-04-01,Wicklow,24,7,5,14,0,0.2916666666666667
2025-05-01,Cavan,15,3,3,15,6,0.2
2025-05-01,Clare,20,8,7,11,1,0.4
2025-05-01,Cork,14,2,2,14,3,0.14285714285714285
2025-05-01,Donegal,10,4,4,17,2,0.4
2025-05-01,Dublin City,16,1,1,12,0,0.0625
2025-05-01,Dún Laoghaire-Rathdown,19,3,2,10,1,0.15789473684210525
2025-05-01,Fingal,15,4,2,20,6,0.26666666666666666
2025-05-01,Galway,19,3,3,17,2,0.15789473684210525
2025-05-01,Kerry,24,5,3,10,3,0.20833333333333334
2025-05-01,Kildare,13,1,1,11,1,0.07692307692307693
2025-05-01,Kilkenny,21,5,2,18,4,0.23809523809523808
2025-05-01,Laois,26,3,1,11,2,0.11538461538461539
2025-05-01,Limerick,19,4,3,11,1,0.21052631578947367
2025-05-01,Louth,18,1,1,11,2,0.05555555555555555
2025-05-01,Mayo,15,4,3,15,3,0.26666666666666666
2025-05-01,Meath,14,4,4,16,5,0.2857142857142857
2025-05-01,Monaghan,16,3,3,10,1,0.1875
2025-05-01,Offaly,9,2,2,12,2,0.2222222222222222
2025-05-01,Sligo,14,5,3,18,1,0.35714285714285715
2025-05-01,South Dublin,20,3,3,8,1,0.15
2025-05-01,Tipperary,20,3,3,10,2,0.15
2025-05-01,Waterford,13,5,3,10,3,0.38461538461538464
2025-05-01,Westmeath,15,2,2,9,1,0.13333333333333333
2025-05-01,Wexford,11,0,0,13,1,0.0
2025-05-01,Wicklow,18,1,0,12,1,0.05555555555555555
2025-06-01,Cavan,17,6,5,8,2,0.35294117647058826
2025-06-01,Clare,19,2,1,7,0,0.10526315789473684
2025-06-01,Cork,16,5,5,12,1,0.3125
2025-06-01,Donegal,14,4,3,4,0,0.2857142857142857
2025-06-01,Dublin City,19,5,2,12,1,0.2631578947368421
2025-06-01,Dún Laoghaire-Rathdown,8,2,2,12,1,0.25
2025-06-01,Fingal,19,2,2,8,2,0.10526315789473684
2025-06-01,Galway,15,6,5,14,1,0.4
2025-06-01,Kerry,14,2,2,8,0,0.14285714285714285
2025-06-01,Kildare,24,5,5,13,4,0.20833333333333334
2025-06-01,Kilkenny,23,6,4,6,2,0.2608695652173913
2025-06-01,Laois,16,6,4,17,2,0.375
2025-06-01,Limerick,20,0,0,15,0,0.0
2025-06-01,Louth,20,5,4,6,1,0.25
2025-06-01,Mayo,17,3,3,20,3,0.17647058823529413
2025-06-01,Meath,17,6,6,11,2,0.35294117647058826
2025-06-01,Monaghan,13,1,1,16,3,0.07692307692307693
2025-06-01,Offaly,18,4,4,12,0,0.2222222222222222
2025-06-01,Sligo,11,1,1,9,0,0.09090909090909091
2025-06-01,South Dublin,20,9,7,11,2,0.45
2025-06-01,Tipperary,16,4,3,11,2,0.25
2025-06-01,Waterford,13,2,2,11,3,0.15384615384615385
2025-06-01,Westmeath,17,4,2,9,2,0.23529411764705882
2025-06-01,Wexford,18,6,5,13,0,0.3333333333333333
2025-06-01,Wicklow,14,2,2,15,1,0.14285714285714285
2025-07-01,Cavan,9,4,3,14,3,0.4444444444444444
2025-07-01,Clare,13,4,3,14,2,0.3076923076923077
2025-07-01,Cork,12,2,2,8,2,0.16666666666666666
2025-07-01,Donegal,14,2,1,9,0,0.14285714285714285
2025-07-01,Dublin City,17,2,2,9,0,0.11764705882352941
2025-07-01,Dún Laoghaire-Rathdown,21,4,4,17,1,0.19047619047619047
2025-07-01,Fingal,18,2,2,20,4,0.1111111111111111
2025-07-01,Galway,17,2,3,13,1,0.11764705882352941
2025-07-01,Kerry,25,6,2,10,3,0.24
2025-07-01,Kildare,12,2,2,11,2,0.16666666666666666
2025-07-01,Kilkenny,14,7,6,7,2,0.5
2025-07-01,Laois,14,2,2,10,1,0.14285714285714285
2025-07-01,Limerick,15,2,2,12,2,0.13333333333333333
2025-07-01,Louth,13,2,2,10,1,0.15384615384615385
2025-07-01,Mayo,13,3,3,11,1,0.23076923076923078
2025-07-01,Meath,13,3,2,11,4,0.23076923076923078
2025-07-01,Monaghan,22,3,2,10,3,0.13636363636363635
2025-07-01,Offaly,10,2,2,12,2,0.2
2025-07-01,Sligo,17,4,3,14,1,0.23529411764705882
2025-07-01,South Dublin,23,4,4,10,1,0.17391304347826086
2025-07-01,Tipperary,20,4,3,13,3,0.2
2025-07-01,Waterford,18,5,3,14,2,0.2777777777777778
2025-07-01,Westmeath,18,7,8,13,5,0.3888888888888889
2025-07-01,Wexford,17,4,3,7,1,0.23529411764705882
2025-07-01,Wicklow,21,3,3,15,2,0.14285714285714285
2025-08-01,Cavan,12,2,2,13,0,0.16666666666666666
2025-08-01,Clare,22,6,3,13,3,0.2727272727272727
2025-08-01,Cork,19,3,2,11,2,0.15789473684210525
2025-08-01,Donegal,18,4,4,14,1,0.2222222222222222
2025-08-01,Dublin City,24,6,4,10,2,0.25
2025-08-01,Dún Laoghaire-Rathdown,21,2,2,10,1,0.09523809523809523
2025-08-01,Fingal,17,2,1,12,1,0.11764705882352941
2025-08-01,Galway,15,2,1,9,1,0.13333333333333333
2025-08-01,Kerry,13,3,3,11,2,0.23076923076923078
2025-08-01,Kildare,16,6,4,11,2,0.375
2025-08-01,Kilkenny,12,2,2,12,1,0.16666666666666666
2025-08-01,Laois,17,1,0,8,1,0.058823529411764705
2025-08-01,Limerick,29,8,3,19,1,0.27586206896551724
2025-08-01,Louth,24,6,5,19,3,0.25
2025-08-01,Mayo,20,5,5,14,2,0.25
2025-08-01,Meath,24,9,7,4,0,0.375
2025-08-01,Monaghan,18,3,1,16,3,0.16666666666666666
2025-08-01,Offaly,22,5,4,10,1,0.22727272727272727
2025-08-01,Sligo,17,2,2,16,2,0.11764705882352941
2025-08-01,South Dublin,22,5,4,7,1,0.22727272727272727
2025-08-01,Tipperary,15,2,2,15,2,0.13333333333333333
2025-08-01,Waterford,10,3,2,8,0,0.3
2025-08-01,Westmeath,18,1,0,13,1,0.05555555555555555
2025-08-01,Wexford,19,1,0,14,1,0.05263157894736842
2025-08-01,Wicklow,13,6,5,20,3,0.46153846153846156
2025-09-01,Cavan,13,3,1,7,2,0.23076923076923078
2025-09-01,Clare,11,1,1,15,0,0.09090909090909091
2025-09-01,Cork,16,4,4,14,2,0.25
2025-09-01,Donegal,16,1,1,13,3,0.0625
2025-09-01,Dublin City,13,4,3,17,3,0.3076923076923077
2025-09-01,Dún Laoghaire-Rathdown,16,2,2,12,1,0.125
2025-09-01,Fingal,14,2,2,7,0,0.14285714285714285
2025-09-01,Galway,14,2,2,11,1,0.14285714285714285
2025-09-01,Kerry,14,1,1,13,2,0.07142857142857142
2025-09-01,Kildare,20,4,4,12,1,0.2
2025-09-01,Kilkenny,17,6,4,8,3,0.35294117647058826
2025-09-01,Laois,20,5,5,6,1,0.25
2025-09-01,Limerick,9,1,1,17,4,0.1111111111111111
2025-09-01,Louth,8,0,0,9,0,0.0
2025-09-01,Mayo,16,3,3,23,2,0.1875
2025-09-01,Meath,12,2,1,12,2,0.16666666666666666
2025-09-01,Monaghan,21,5,3,5,1,0.23809523809523808
2025-09-01,Offaly,10,1,1,7,2,0.1
2025-09-01,Sligo,8,3,3,14,4,0.375
2025-09-01,South Dublin,17,4,3,11,3,0.23529411764705882
2025-09-01,Tipperary,19,2,2,13,0,0.10526315789473684
2025-09-01,Waterford,18,5,2,8,2,0.2777777777777778
2025-09-01,Westmeath,11,3,2,13,1,0.2727272727272727
2025-09-01,Wexford,18,2,2,12,2,0.1111111111111111
2025-09-01,Wicklow,15,3,3,15,4,0.2
2025-10-01,Cavan,17,0,0,14,2,0.0
2025-10-01,Clare,11,3,0,11,3,0.2727272727272727
2025-10-01,Cork,18,5,3,16,2,0.2777777777777778
2025-10-01,Donegal,22,5,3,13,1,0.22727272727272727
2025-10-01,Dublin City,12,5,4,12,2,0.4166666666666667
2025-10-01,Dún Laoghaire-Rathdown,22,3,3,9,0,0.13636363636363635
2025-10-01,Fingal,18,6,3,12,2,0.3333333333333333
2025-10-01,Galway,16,2,1,13,0,0.125
2025-10-01,Kerry,11,2,2,13,4,0.18181818181818182
2025-10-01,Kildare,21,3,2,10,1,0.14285714285714285
2025-10-01,Kilkenny,17,3,1,11,2,0.17647058823529413
2025-10-01,Laois,18,2,2,11,2,0.1111111111111111
2025-10-01,Limerick,16,3,2,9,1,0.1875
2025-10-01,Louth,21,12,9,17,4,0.5714285714285714
2025-10-01,Mayo,12,4,4,12,1,0.3333333333333333
2025-10-01,Meath,11,2,2,15,2,0.18181818181818182
2025-10-01,Monaghan,18,5,3,14,3,0.2777777777777778
2025-10-01,Offaly,16,3,3,18,2,0.1875
2025-10-01,Sligo,19,4,3,14,0,0.21052631578947367
2025-10-01,South Dublin,19,2,1,14,2,0.10526315789473684
2025-10-01,Tipperary,27,8,5,9,2,0.2962962962962963
2025-10-01,Waterford,18,3,2,13,0,0.16666666666666666
2025-10-01,Westmeath,21,3,3,12,3,0.14285714285714285
2025-10-01,Wexford,23,5,5,9,0,0.21739130434782608
2025-10-01,Wicklow,23,5,4,12,0,0.21739130434782608
2025-11-01,Cavan,22,10,10,8,1,0.45454545454545453
2025-11-01,Clare,15,2,2,17,4,0.13333333333333333
2025-11-01,Cork,21,7,7,10,2,0.3333333333333333
2025-11-01,Donegal,15,7,5,7,1,0.4666666666666667
2025-11-01,Dublin City,18,3,3,19,1,0.16666666666666666
2025-11-01,Dún Laoghaire-Rathdown,9,2,0,12,4,0.2222222222222222
2025-11-01,Fingal,16,2,2,22,2,0.125
2025-11-01,Galway,13,3,1,14,3,0.23076923076923078
2025-11-01,Kerry,19,5,3,11,4,0.2631578947368421
2025-11-01,Kildare,14,1,0,9,1,0.07142857142857142
2025-11-01,Kilkenny,24,4,2,19,2,0.16666666666666666
2025-11-01,Laois,7,0,0,18,3,0.0
2025-11-01,Limerick,16,6,5,13,2,0.375
2025-11-01,Louth,14,8,7,10,4,0.5714285714285714
2025-11-01,Mayo,29,9,8,15,0,0.3103448275862069
2025-11-01,Meath,15,2,2,9,3,0.13333333333333333
2025-11-01,Monaghan,24,8,6,12,1,0.3333333333333333
2025-11-01,Offaly,15,3,2,15,1,0.2
2025-11-01,Sligo,19,3,1,12,0,0.15789473684210525
2025-11-01,South Dublin,19,6,5,13,2,0.3157894736842105
2025-11-01,Tipperary,24,7,7,17,4,0.2916666666666667
2025-11-01,Waterford,20,1,1,17,3,0.05
2025-11-01,Westmeath,13,1,1,12,2,0.07692307692307693
2025-11-01,Wexford,17,3,3,10,3,0.17647058823529413
2025-11-01,Wicklow,21,3,2,7,2,0.14285714285714285
2025-12-01,Cavan,8,1,0,11,1,0.125
2025-12-01,Clare,18,2,2,13,3,0.1111111111111111
2025-12-01,Cork,13,4,2,8,0,0.3076923076923077
2025-12-01,Donegal,21,5,5,12,3,0.23809523809523808
2025-12-01,Dublin City,18,5,5,15,0,0.2777777777777778
2025-12-01,Dún Laoghaire-Rathdown,14,5,5,8,1,0.35714285714285715
2025-12-01,Fingal,17,5,4,15,2,0.29411764705882354
2025-12-01,Galway,27,5,4,14,3,0.18518518518518517
2025-12-01,Kerry,13,1,0,20,4,0.07692307692307693
2025-12-01,Kildare,14,4,4,13,2,0.2857142857142857
2025-12-01,Kilkenny,8,2,1,18,0,0.25
2025-12-01,Laois,23,1,1,6,0,0.043478260869565216
2025-12-01,Limerick,16,3,1,10,2,0.1875
2025-12-01,Louth,14,3,3,11,1,0.21428571428571427
2025-12-01,Mayo,23,3,3,14,1,0.13043478260869565
2025-12-01,Meath,14,2,1,12,2,0.14285714285714285
2025-12-01,Monaghan,14,3,3,8,3,0.21428571428571427
2025-12-01,Offaly,23,4,4,5,0,0.17391304347826086
2025-12-01,Sligo,14,3,2,12,1,0.21428571428571427
2025-12-01,South Dublin,18,3,2,15,2,0.16666666666666666
2025-12-01,Tipperary,18,1,0,3,0,0.05555555555555555
2025-12-01,Waterford,17,4,3,11,1,0.23529411764705882
2025-12-01,Westmeath,21,2,1,9,3,0.09523809523809523
2025-12-01,Wexford,9,1,1,9,0,0.1111111111111111
2025-12-01,Wicklow,19,3,1,14,1,0.15789473684210525
